Level 1,Level 2,Level 3,Level 4
Arts & Entertainment,,,
Arts & Entertainment,Books & Literature,,
Arts & Entertainment,Humor,,
Arts & Entertainment,Movies,,
Arts & Entertainment,Music,,
Arts & Entertainment,Television,,
Arts & Entertainment,Concerts,,
Arts & Entertainment,Photography,,
Automotive & Cars,,,
Automotive & Cars,Auto Repair,,
Automotive & Cars,Buying & Selling,Cars,
Automotive & Cars,Buying & Selling,Boats,
Automotive & Cars,Car Culture,,
Automotive & Cars,Boating,,
Automotive & Cars,Current vehicle owners,,
Business,,,
Business,Business Professionals,,
Business,Business Professionals,Small Business Owners,
Careers & Jobs,Job Seekers,,
Education,,,
Family & Parenting,Babies & Toddlers,,
Family & Parenting,Caretakers,,
Family & Parenting,Dads,,
Family & Parenting,Moms,,
Health & Fitness,Exercise,,
Health & Fitness,Exercise,Fitness Devices,
Health & Fitness,Exercise,Hiking,
Health & Fitness,Exercise,Running,
Health & Fitness,Weight Loss,,
Health & Fitness,Pharmacy Patrons,,
Food & Drink,Dining Out,,
Food & Drink,Dining Out,Frequent Restaurant Goers,
Food & Drink,Home Chefs,,
Food & Drink,Fast Food,,
Food & Drink,Foodies,,
Hobbies & Interests,Arts & Crafts,,
Hobbies & Interests,Arts & Crafts,Live Events,Theater
Hobbies & Interests,Arts & Crafts,Live Events,Ticket Purchasing
Hobbies & Interests,Board Games & Puzzles,,
Hobbies & Interests,Card Games,,
Hobbies & Interests,Casino Visitors,,
Hobbies & Interests,Photography,,
Hobbies & Interests,Video & Computer Games,,
Hobbies & Interests,Mobile Gaming Apps,,
Hobbies & Interests,Mobile Gaming Apps,Action,
Hobbies & Interests,Mobile Gaming Apps,Adventure,
Hobbies & Interests,Mobile Gaming Apps,Arcade,
Hobbies & Interests,Mobile Gaming Apps,Educational,
Hobbies & Interests,Mobile Gaming Apps,Music,
Hobbies & Interests,Mobile Gaming Apps,Racing,
Hobbies & Interests,Mobile Gaming Apps,Role Playing Games,
Hobbies & Interests,Mobile Gaming Apps,Sports,
Hobbies & Interests,Mobile Gaming Apps,Social & Casual gaming,
Hobbies & Interests,Mobile Gaming Apps,Social & Casual gaming,Fantasy Sports
Hobbies & Interests,Mobile Gaming Apps,Trivia,
Hobbies & Interests,Mobile Gaming Apps,Word Games,
Hobbies & Interests,Photo & Video Apps,,
Home & Garden,Gardening,,
Home & Garden,Home Repair,,
News,E-news readers,,
Personal Finance,,,
Personal Finance,Financial Planning,,
Personal Finance,Insurance,,
Personal Finance,Insurance,Home Insurance,
Personal Finance,Insurance,Automobile Insurance,
Personal Finance,Investing,,
Personal Finance,Retirement Planning,,
Personal Finance,Active Trader,,
Personal Finance,Banking Services,,
Personal Finance,Mobile Payment Services,,
Society,Dating,,
Society,Marriage,,
Society,Engaged,,
Pets,,,
Pets,Cats,,
Pets,Dogs,,
Sports,Baseball,,
Sports,Bicycling,,
Sports,Football,,
Sports,Game & Fish,,
Sports,Golf,,
Sports,Hunting & Shooting,,
Sports,Pro Basketball,,
Sports,Pro Ice Hockey,,
Sports,Skiing,,
Sports,Surfing,,
Sports,Soccer,,
Sports,UFC,,
Sports,Tennis,,
Sports,College Sports,,
Sports,College Sports,Basketball,
Sports,College Sports,Football,
Sports,Extreme Sports,,
Style & Fashion,Fashion,,
Style & Fashion,Fashion,Designer Goods,
Style & Fashion,Fashion,Upscale,
Technology & Computing,Cell Phones,,
Technology & Computing,Cell Phones,Mobile Apps,
Technology & Computing,Internet Technology,Communication,
Technology & Computing,Internet Technology,Communication,Blogging
Technology & Computing,Internet Technology,Communication,Highly Influential
Technology & Computing,Internet Technology,Communication,Social Influencers
Technology & Computing,Internet Technology,Communication,Communication Writers
Technology & Computing,Entertainment,Home Entertainment,
Technology & Computing,GPS,,
Technology & Computing,Home Automation,,
Technology & Computing,Streaming,,
Technology & Computing,Streaming,Cord Cutter,
Technology & Computing,Streaming,Cord Cutter,Free Content
Technology & Computing,Streaming,Cord Cutter,On-demand movies
Technology & Computing,Streaming,Cord Cutter,Over the top devices
Technology & Computing,Streaming,Cord Cutter,Subscription Content Streamers
Technology & Computing,Streaming,Cord Cutter,Smart TVs
Technology & Computing,Streaming,Streaming TV Subscribers,
Technology & Computing,Streaming,Streaming TV Subscribers,Basic TV streamers
Technology & Computing,Streaming,Streaming TV Subscribers,Service Provider Streamers
Travel,,,
Travel,Vacation Travel,,
Travel,Air Travel,,
Travel,Business Travel,,
Travel,Camping,,
Travel,Cruises,,
Travel,Hotels,,
Travel,Road Trip,,
Real Estate,Apartments,,
Real Estate,Apartments,Apartment Hunters,
Shopping & Retail,Groceries & Essentials,Candy & Gum,
Shopping & Retail,Groceries & Essentials,Candy & Gum,Non-Chocolate
Shopping & Retail,Groceries & Essentials,Candy & Gum,Chocolate
Shopping & Retail,Groceries & Essentials,"Cookies, Chips & Snacks",
Shopping & Retail,Groceries & Essentials,"Cookies, Chips & Snacks",Salty Snacks & Popcorn
Shopping & Retail,Groceries & Essentials,"Cookies, Chips & Snacks",Cookies
Shopping & Retail,Groceries & Essentials,"Cookies, Chips & Snacks",Crackers
Shopping & Retail,Groceries & Essentials,"Cookies, Chips & Snacks",Dips & Spreads
Shopping & Retail,Groceries & Essentials,"Cookies, Chips & Snacks",Hors D'oeurves
Shopping & Retail,Groceries & Essentials,"Cookies, Chips & Snacks",Fruit Rolls/Bars/Snacks
Shopping & Retail,Groceries & Essentials,"Cookies, Chips & Snacks",Dried Meat & Jerky
Shopping & Retail,Groceries & Essentials,"Cookies, Chips & Snacks",Pudding & Gelatin
Shopping & Retail,Groceries & Essentials,"Cookies, Chips & Snacks",Refrigerated Dough/Biscuit Dough
Shopping & Retail,Groceries & Essentials,"Cookies, Chips & Snacks",Snack Bars
Shopping & Retail,Groceries & Essentials,"Cookies, Chips & Snacks",Snack Nuts/Seeds/Corn Nuts
Shopping & Retail,Groceries & Essentials,"Cookies, Chips & Snacks",Other Snacks
Shopping & Retail,Groceries & Essentials,Bakery & Bread,
Shopping & Retail,Groceries & Essentials,Bakery & Bread,Bread
Shopping & Retail,Groceries & Essentials,Bakery & Bread,Bagels/Bialys
Shopping & Retail,Groceries & Essentials,Bakery & Bread,Bakery Snacks
Shopping & Retail,Groceries & Essentials,Bakery & Bread,Pies & Cakes
Shopping & Retail,Groceries & Essentials,Bakery & Bread,Pastry/Doughnuts
Shopping & Retail,Groceries & Essentials,Bakery & Bread,Refrigerated Pizza
Shopping & Retail,Groceries & Essentials,Bakery & Bread,Al Cohens
Shopping & Retail,Groceries & Essentials,Bakery & Bread,Alexia
Shopping & Retail,Groceries & Essentials,Bakery & Bread,Alvarado Street Bakery
Shopping & Retail,Groceries & Essentials,Bakery & Bread,Amorosos
Shopping & Retail,Groceries & Essentials,Bakery & Bread,Anzio & Sons Bakery
Shopping & Retail,Groceries & Essentials,Bakery & Bread,Bridgford
Shopping & Retail,Groceries & Essentials,Bakery & Bread,Captain John Dersts
Shopping & Retail,Groceries & Essentials,Bakery & Bread,Chabaso Bakery
Shopping & Retail,Groceries & Essentials,Bakery & Bread,Colonial
Shopping & Retail,Groceries & Essentials,Bakery & Bread,Costanzos
Shopping & Retail,Groceries & Essentials,Bakery & Bread,Country Farms
Shopping & Retail,Groceries & Essentials,Bakery & Bread,Country Kitchen
Shopping & Retail,Groceries & Essentials,Bakery & Bread,Dimpflmeier
Shopping & Retail,Groceries & Essentials,Bakery & Bread,Ener-G Foods
Shopping & Retail,Groceries & Essentials,Bakery & Bread,Fantini
Shopping & Retail,Groceries & Essentials,Bakery & Bread,Fiber One
Shopping & Retail,Groceries & Essentials,Bakery & Bread,Food For Life
Shopping & Retail,Groceries & Essentials,Bakery & Bread,Formulated P28
Shopping & Retail,Groceries & Essentials,Bakery & Bread,Glutino
Shopping & Retail,Groceries & Essentials,Bakery & Bread,Gold Medal Bakery
Shopping & Retail,Groceries & Essentials,Bakery & Bread,Gonnella
Shopping & Retail,Groceries & Essentials,Bakery & Bread,Goodbye Gluten
Shopping & Retail,Groceries & Essentials,Bakery & Bread,Grainless Baker
Shopping & Retail,Groceries & Essentials,Bakery & Bread,Grandma Sycamores
Shopping & Retail,Groceries & Essentials,Bakery & Bread,Heiners
Shopping & Retail,Groceries & Essentials,Bakery & Bread,Holsum
Shopping & Retail,Groceries & Essentials,Bakery & Bread,Hungry Jack
Shopping & Retail,Groceries & Essentials,Bakery & Bread,Immaculate Baking Co
Shopping & Retail,Groceries & Essentials,Bakery & Bread,Kellogg's
Shopping & Retail,Groceries & Essentials,Bakery & Bread,Koffee Kup
Shopping & Retail,Groceries & Essentials,Bakery & Bread,Levys
Shopping & Retail,Groceries & Essentials,Bakery & Bread,Liscios Bakery
Shopping & Retail,Groceries & Essentials,Bakery & Bread,Manischewitz
Shopping & Retail,Groceries & Essentials,Bakery & Bread,Mary Bs
Shopping & Retail,Groceries & Essentials,Bakery & Bread,Mary Jane And Friends
Shopping & Retail,Groceries & Essentials,Bakery & Bread,Merita
Shopping & Retail,Groceries & Essentials,Bakery & Bread,Miltons
Shopping & Retail,Groceries & Essentials,Bakery & Bread,Monks
Shopping & Retail,Groceries & Essentials,Bakery & Bread,Morabito
Shopping & Retail,Groceries & Essentials,Bakery & Bread,Mother's
Shopping & Retail,Groceries & Essentials,Bakery & Bread,Pacific
Shopping & Retail,Groceries & Essentials,Bakery & Bread,Rhodes
Shopping & Retail,Groceries & Essentials,Bakery & Bread,Roman Meal
Shopping & Retail,Groceries & Essentials,Bakery & Bread,Rubschlager
Shopping & Retail,Groceries & Essentials,Bakery & Bread,Rudis Gluten Free Bakery
Shopping & Retail,Groceries & Essentials,Bakery & Bread,Rudis Organic Bakery
Shopping & Retail,Groceries & Essentials,Bakery & Bread,S Rosens
Shopping & Retail,Groceries & Essentials,Bakery & Bread,Schar
Shopping & Retail,Groceries & Essentials,Bakery & Bread,Seattle International Baking Comp
Shopping & Retail,Groceries & Essentials,Bakery & Bread,Sister Schuberts
Shopping & Retail,Groceries & Essentials,Bakery & Bread,Todays Temptations
Shopping & Retail,Groceries & Essentials,Bakery & Bread,Turano
Shopping & Retail,Groceries & Essentials,Bakery & Bread,Vermont Bread Comp
Shopping & Retail,Groceries & Essentials,Bakery & Bread,Weight Watchers
Shopping & Retail,Groceries & Essentials,Bakery & Bread,Wheat Montana Farms & Bakery
Shopping & Retail,Groceries & Essentials,Bakery & Bread,When Pigs Fly
Shopping & Retail,Groceries & Essentials,Bakery & Bread,Wholesome Harvest
Shopping & Retail,Groceries & Essentials,Baking & Cooking,
Shopping & Retail,Groceries & Essentials,Baking & Cooking,Flours & Meals
Shopping & Retail,Groceries & Essentials,Baking & Cooking,"Frosting, Toppings & Decorations"
Shopping & Retail,Groceries & Essentials,Baking & Cooking,Chips/Baking Chocolate/Cocoa
Shopping & Retail,Groceries & Essentials,Baking & Cooking,Mixes
Shopping & Retail,Groceries & Essentials,Baking & Cooking,Oil & Shortening
Shopping & Retail,Groceries & Essentials,Baking & Cooking,Dry/Refrigerated Yeast
Shopping & Retail,Groceries & Essentials,Baking & Cooking,Sugar
Shopping & Retail,Groceries & Essentials,Baking & Cooking,Baking Powder/Soda
Shopping & Retail,Groceries & Essentials,Baking & Cooking,Pie/Pastry Filling
Shopping & Retail,Groceries & Essentials,Baking & Cooking,Ready-To-Use Pie Crust
Shopping & Retail,Groceries & Essentials,Baking & Cooking,Baking Nuts
Shopping & Retail,Groceries & Essentials,Baking & Cooking,Baking Syrup/Molasses
Shopping & Retail,Groceries & Essentials,Baking & Cooking,Edible Cake Decorations
Shopping & Retail,Groceries & Essentials,Baking & Cooking,Breadcrumbs/Batters
Shopping & Retail,Groceries & Essentials,Baking & Cooking,Marshmallows
Shopping & Retail,Groceries & Essentials,Baking & Cooking,Argo
Shopping & Retail,Groceries & Essentials,Baking & Cooking,Arrowhead Mills
Shopping & Retail,Groceries & Essentials,Baking & Cooking,Ball
Shopping & Retail,Groceries & Essentials,Baking & Cooking,Betty Crocker
Shopping & Retail,Groceries & Essentials,Baking & Cooking,Bob's Red Mill
Shopping & Retail,Groceries & Essentials,Baking & Cooking,Brill
Shopping & Retail,Groceries & Essentials,Baking & Cooking,Carnation
Shopping & Retail,Groceries & Essentials,Baking & Cooking,Certo
Shopping & Retail,Groceries & Essentials,Baking & Cooking,Comstock
Shopping & Retail,Groceries & Essentials,Baking & Cooking,Create A Treat
Shopping & Retail,Groceries & Essentials,Baking & Cooking,Duncan Hines
Shopping & Retail,Groceries & Essentials,Baking & Cooking,Eagle
Shopping & Retail,Groceries & Essentials,Baking & Cooking,Enjoy Life
Shopping & Retail,Groceries & Essentials,Baking & Cooking,Fleischmann's Yeast
Shopping & Retail,Groceries & Essentials,Baking & Cooking,Ge-Packaged Desserts
Shopping & Retail,Groceries & Essentials,Baking & Cooking,Ghirardelli
Shopping & Retail,Groceries & Essentials,Baking & Cooking,Goya
Shopping & Retail,Groceries & Essentials,Baking & Cooking,Hershey's
Shopping & Retail,Groceries & Essentials,Baking & Cooking,House-Autry
Shopping & Retail,Groceries & Essentials,Baking & Cooking,Keebler
Shopping & Retail,Groceries & Essentials,Baking & Cooking,King Arthur
Shopping & Retail,Groceries & Essentials,Baking & Cooking,Knox
Shopping & Retail,Groceries & Essentials,Baking & Cooking,Kraft Minute
Shopping & Retail,Groceries & Essentials,Baking & Cooking,Kretschmer
Shopping & Retail,Groceries & Essentials,Baking & Cooking,Lets Do Organic
Shopping & Retail,Groceries & Essentials,Baking & Cooking,Libbys
Shopping & Retail,Groceries & Essentials,Baking & Cooking,Make N Mold
Shopping & Retail,Groceries & Essentials,Baking & Cooking,Martha White
Shopping & Retail,Groceries & Essentials,Baking & Cooking,Masa Brosa
Shopping & Retail,Groceries & Essentials,Baking & Cooking,Mccormick
Shopping & Retail,Groceries & Essentials,Baking & Cooking,Moss
Shopping & Retail,Groceries & Essentials,Baking & Cooking,Nasoya
Shopping & Retail,Groceries & Essentials,Baking & Cooking,Native Forest
Shopping & Retail,Groceries & Essentials,Baking & Cooking,Oreo
Shopping & Retail,Groceries & Essentials,Baking & Cooking,Pennant
Shopping & Retail,Groceries & Essentials,Baking & Cooking,Pet
Shopping & Retail,Groceries & Essentials,Baking & Cooking,Pillsbury
Shopping & Retail,Groceries & Essentials,Baking & Cooking,Private Label
Shopping & Retail,Groceries & Essentials,Baking & Cooking,Reese's
Shopping & Retail,Groceries & Essentials,Baking & Cooking,Solo
Shopping & Retail,Groceries & Essentials,Baking & Cooking,Sure Jell
Shopping & Retail,Groceries & Essentials,Baking & Cooking,Swans
Shopping & Retail,Groceries & Essentials,Baking & Cooking,Tenda Bake
Shopping & Retail,Groceries & Essentials,Baking & Cooking,Thai Kitchen
Shopping & Retail,Groceries & Essentials,Baking & Cooking,Torti Masa
Shopping & Retail,Groceries & Essentials,Baking & Cooking,Wilderness
Shopping & Retail,Groceries & Essentials,Baking & Cooking,Nestle
Shopping & Retail,Groceries & Essentials,Breakfast & Cereal,
Shopping & Retail,Groceries & Essentials,Breakfast & Cereal,Hot Cereal and Oatmeal
Shopping & Retail,Groceries & Essentials,Breakfast & Cereal,"Breakfast, Cereal & Energy Bars"
Shopping & Retail,Groceries & Essentials,Breakfast & Cereal,Cereal
Shopping & Retail,Groceries & Essentials,Breakfast & Cereal,English Muffins
Shopping & Retail,Groceries & Essentials,Breakfast & Cereal,Shelf Stable Toaster Pastries/Tarts
Shopping & Retail,Groceries & Essentials,Breakfast & Cereal,Prepared Breakfast Foods
Shopping & Retail,Groceries & Essentials,"Canned, Jarred & Packaged",
Shopping & Retail,Groceries & Essentials,"Canned, Jarred & Packaged",Vegetables
Shopping & Retail,Groceries & Essentials,"Canned, Jarred & Packaged",Canned & Bottled Fruit
Shopping & Retail,Groceries & Essentials,"Canned, Jarred & Packaged",Canned Beans
Shopping & Retail,Groceries & Essentials,"Canned, Jarred & Packaged","Soups, Stocks & Broth"
Shopping & Retail,Groceries & Essentials,"Canned, Jarred & Packaged",Seafood
Shopping & Retail,Groceries & Essentials,"Canned, Jarred & Packaged",Tomato Products
Shopping & Retail,Groceries & Essentials,Dairy & Eggs,
Shopping & Retail,Groceries & Essentials,Dairy & Eggs,Cheese
Shopping & Retail,Groceries & Essentials,Dairy & Eggs,Cream & Creamers
Shopping & Retail,Groceries & Essentials,Dairy & Eggs,Eggs
Shopping & Retail,Groceries & Essentials,Dairy & Eggs,Milk
Shopping & Retail,Groceries & Essentials,Dairy & Eggs,Yogurt
Shopping & Retail,Groceries & Essentials,Dairy & Eggs,"Butter, Blends & Spreads"
Shopping & Retail,Groceries & Essentials,"Meat, Seafood & Poultry",
Shopping & Retail,Groceries & Essentials,"Meat, Seafood & Poultry",Bacon & Sausages
Shopping & Retail,Groceries & Essentials,"Meat, Seafood & Poultry",Beef
Shopping & Retail,Groceries & Essentials,"Meat, Seafood & Poultry",Hot Dogs & Frankfurters
Shopping & Retail,Groceries & Essentials,"Meat, Seafood & Poultry",Lamb
Shopping & Retail,Groceries & Essentials,"Meat, Seafood & Poultry",Meat Alternatives
Shopping & Retail,Groceries & Essentials,"Meat, Seafood & Poultry",Pork
Shopping & Retail,Groceries & Essentials,"Meat, Seafood & Poultry",Refrigerated and Frozen Poultry
Shopping & Retail,Groceries & Essentials,"Meat, Seafood & Poultry",Refrigerated Seafood
Shopping & Retail,Groceries & Essentials,"Meat, Seafood & Poultry",Refrigerated Meat
Shopping & Retail,Groceries & Essentials,"Meat, Seafood & Poultry",Shelf Stable Lunch Meats
Shopping & Retail,Groceries & Essentials,"Meat, Seafood & Poultry",Shelf Stable Meat/Meat Spreads
Shopping & Retail,Groceries & Essentials,Pasta & Rice,
Shopping & Retail,Groceries & Essentials,Pasta & Rice,Pasta
Shopping & Retail,Groceries & Essentials,Pasta & Rice,Rice
Shopping & Retail,Groceries & Essentials,"Condiments, Spices, Dressings, Sauces & Preserves",
Shopping & Retail,Groceries & Essentials,"Condiments, Spices, Dressings, Sauces & Preserves",Relish
Shopping & Retail,Groceries & Essentials,"Condiments, Spices, Dressings, Sauces & Preserves",Refrigerated Salad Dressings
Shopping & Retail,Groceries & Essentials,"Condiments, Spices, Dressings, Sauces & Preserves","Jam, Jelly & Preserves"
Shopping & Retail,Groceries & Essentials,"Condiments, Spices, Dressings, Sauces & Preserves",Nut Spread & Butter
Shopping & Retail,Groceries & Essentials,"Condiments, Spices, Dressings, Sauces & Preserves",Olives
Shopping & Retail,Groceries & Essentials,"Condiments, Spices, Dressings, Sauces & Preserves",Pickles
Shopping & Retail,Groceries & Essentials,"Condiments, Spices, Dressings, Sauces & Preserves",Shelf Stable Salad Dressings
Shopping & Retail,Groceries & Essentials,"Condiments, Spices, Dressings, Sauces & Preserves",Salt & Salt Substitue
Shopping & Retail,Groceries & Essentials,"Condiments, Spices, Dressings, Sauces & Preserves",Gravy and Sauces
Shopping & Retail,Groceries & Essentials,"Condiments, Spices, Dressings, Sauces & Preserves",Spices & Seasoning
Shopping & Retail,Groceries & Essentials,"Condiments, Spices, Dressings, Sauces & Preserves",Syrups & Sweeteners
Shopping & Retail,Groceries & Essentials,"Condiments, Spices, Dressings, Sauces & Preserves",Vinegar
Shopping & Retail,Groceries & Essentials,"Condiments, Spices, Dressings, Sauces & Preserves",Ketchup
Shopping & Retail,Groceries & Essentials,"Condiments, Spices, Dressings, Sauces & Preserves",Mustard
Shopping & Retail,Groceries & Essentials,"Condiments, Spices, Dressings, Sauces & Preserves",Mayonnaise & Sandwich Spread
Shopping & Retail,Groceries & Essentials,"Condiments, Spices, Dressings, Sauces & Preserves",Marinated Vegetable/Fruit
Shopping & Retail,Groceries & Essentials,"Condiments, Spices, Dressings, Sauces & Preserves",Peppers/Pimentos
Shopping & Retail,Groceries & Essentials,Deli,
Shopping & Retail,Groceries & Essentials,Deli,Refrigerated Deli Meat
Shopping & Retail,Groceries & Essentials,Beverage,
Shopping & Retail,Groceries & Essentials,Beverage,Coffee & Tea
Shopping & Retail,Groceries & Essentials,Beverage,Spirits
Shopping & Retail,Groceries & Essentials,Beverage,Wine
Shopping & Retail,Groceries & Essentials,Beverage,"Beer, Ale & Cider"
Shopping & Retail,Groceries & Essentials,Beverage,Juice & Juice Drinks
Shopping & Retail,Groceries & Essentials,Beverage,Carbonated Drinks
Shopping & Retail,Groceries & Essentials,Beverage,Sport & Energy Drinks
Shopping & Retail,Groceries & Essentials,Beverage,Water
Shopping & Retail,Groceries & Essentials,Beverage,Cocktail Mixes
Shopping & Retail,Groceries & Essentials,Beverage,Powdered Drinks & Mixes
Shopping & Retail,Groceries & Essentials,Frozen Foods,
Shopping & Retail,Groceries & Essentials,Frozen Foods,Frozen Breakfast Food
Shopping & Retail,Groceries & Essentials,Frozen Foods,Frozen Dinners & Meals
Shopping & Retail,Groceries & Essentials,Frozen Foods,Frozen Juice
Shopping & Retail,Groceries & Essentials,Frozen Foods,Frozen Novelties
Shopping & Retail,Groceries & Essentials,Frozen Foods,Frozen Pasta & Noodles
Shopping & Retail,Groceries & Essentials,Frozen Foods,Frozen Potatoes
Shopping & Retail,Groceries & Essentials,Frozen Foods,Frozen Rolls & Wraps
Shopping & Retail,Groceries & Essentials,Frozen Foods,Frozen Seafood
Shopping & Retail,Groceries & Essentials,Frozen Foods,Frozen Vegetables
Shopping & Retail,Groceries & Essentials,Frozen Foods,Meat
Shopping & Retail,Groceries & Essentials,Frozen Foods,Pizza
Shopping & Retail,Groceries & Essentials,Frozen Foods,Frozen Corn On The Cob
Shopping & Retail,Groceries & Essentials,Frozen Foods,Frozen Pies
Shopping & Retail,Groceries & Essentials,Frozen Foods,Ice Cream & Sherbet
Shopping & Retail,Groceries & Essentials,Fresh Produce,
Shopping & Retail,Groceries & Essentials,Fresh Produce,Dried Beans & Vegetables
Shopping & Retail,Groceries & Essentials,Fresh Produce,Dried Fruit
Shopping & Retail,Groceries & Essentials,Fresh Produce,Fruits
Shopping & Retail,Groceries & Essentials,Fresh Produce,Salad Toppers
Shopping & Retail,Groceries & Essentials,Fresh Produce,Vegetables
Shopping & Retail,Groceries & Essentials,Packaged Meals & Sides,
Shopping & Retail,Groceries & Essentials,Packaged Meals & Sides,Meal Kits
Shopping & Retail,Groceries & Essentials,Packaged Meals & Sides,Shelf Stable Instant Meals
Shopping & Retail,Groceries & Essentials,Packaged Meals & Sides,Instant Potatoes
Shopping & Retail,Groceries & Essentials,Baby Foods,
Shopping & Retail,Groceries & Essentials,Baby Foods,Meals & Snacks
Shopping & Retail,Groceries & Essentials,Ethnic Groceries,
Shopping & Retail,Groceries & Essentials,Ethnic Groceries,Asian
Shopping & Retail,Groceries & Essentials,Ethnic Groceries,Mexican
Shopping & Retail,Baby & Toddler,,
Shopping & Retail,Baby & Toddler,Diapering & Care,
Shopping & Retail,Baby & Toddler,Diapering & Care,Diapers
Shopping & Retail,Baby & Toddler,Diapering & Care,Baby & Kids Personal Care
Shopping & Retail,Baby & Toddler,Nursing & Feeding,
Shopping & Retail,Baby & Toddler,Nursing & Feeding,Baby Formula
Shopping & Retail,Baby & Toddler,Nursing & Feeding,Baby Feeding Accessories
Shopping & Retail,"Health, Diet & Nutrition",,
Shopping & Retail,"Health, Diet & Nutrition",Nutritional Supplements & Weight Control,
Shopping & Retail,"Health, Diet & Nutrition",Nutritional Supplements & Weight Control,Barleans
Shopping & Retail,"Health, Diet & Nutrition",Nutritional Supplements & Weight Control,Bausch & Lomb
Shopping & Retail,"Health, Diet & Nutrition",Nutritional Supplements & Weight Control,Body Fortress
Shopping & Retail,"Health, Diet & Nutrition",Nutritional Supplements & Weight Control,Boost
Shopping & Retail,"Health, Diet & Nutrition",Nutritional Supplements & Weight Control,Carnation
Shopping & Retail,"Health, Diet & Nutrition",Nutritional Supplements & Weight Control,Centrum
Shopping & Retail,"Health, Diet & Nutrition",Nutritional Supplements & Weight Control,Core Power
Shopping & Retail,"Health, Diet & Nutrition",Nutritional Supplements & Weight Control,Designer Whey
Shopping & Retail,"Health, Diet & Nutrition",Nutritional Supplements & Weight Control,Disney
Shopping & Retail,"Health, Diet & Nutrition",Nutritional Supplements & Weight Control,Eas
Shopping & Retail,"Health, Diet & Nutrition",Nutritional Supplements & Weight Control,Emergen-C
Shopping & Retail,"Health, Diet & Nutrition",Nutritional Supplements & Weight Control,Enfamil
Shopping & Retail,"Health, Diet & Nutrition",Nutritional Supplements & Weight Control,Ensure
Shopping & Retail,"Health, Diet & Nutrition",Nutritional Supplements & Weight Control,Glucerna
Shopping & Retail,"Health, Diet & Nutrition",Nutritional Supplements & Weight Control,Halls Defense
Shopping & Retail,"Health, Diet & Nutrition",Nutritional Supplements & Weight Control,Hydroxycut
Shopping & Retail,"Health, Diet & Nutrition",Nutritional Supplements & Weight Control,Kellogg's
Shopping & Retail,"Health, Diet & Nutrition",Nutritional Supplements & Weight Control,Kellogg's Special K
Shopping & Retail,"Health, Diet & Nutrition",Nutritional Supplements & Weight Control,Mason
Shopping & Retail,"Health, Diet & Nutrition",Nutritional Supplements & Weight Control,Muscle Milk
Shopping & Retail,"Health, Diet & Nutrition",Nutritional Supplements & Weight Control,Natrol
Shopping & Retail,"Health, Diet & Nutrition",Nutritional Supplements & Weight Control,Natural Factors
Shopping & Retail,"Health, Diet & Nutrition",Nutritional Supplements & Weight Control,Nature Made
Shopping & Retail,"Health, Diet & Nutrition",Nutritional Supplements & Weight Control,Natures Bounty
Shopping & Retail,"Health, Diet & Nutrition",Nutritional Supplements & Weight Control,Natures Way
Shopping & Retail,"Health, Diet & Nutrition",Nutritional Supplements & Weight Control,Nordic Naturals
Shopping & Retail,"Health, Diet & Nutrition",Nutritional Supplements & Weight Control,Northwest Natural Products
Shopping & Retail,"Health, Diet & Nutrition",Nutritional Supplements & Weight Control,Nutiva
Shopping & Retail,"Health, Diet & Nutrition",Nutritional Supplements & Weight Control,One A Day
Shopping & Retail,"Health, Diet & Nutrition",Nutritional Supplements & Weight Control,Orgain
Shopping & Retail,"Health, Diet & Nutrition",Nutritional Supplements & Weight Control,Osteo-Bi-Flex
Shopping & Retail,"Health, Diet & Nutrition",Nutritional Supplements & Weight Control,Pediasure
Shopping & Retail,"Health, Diet & Nutrition",Nutritional Supplements & Weight Control,Plantfusion
Shopping & Retail,"Health, Diet & Nutrition",Nutritional Supplements & Weight Control,Premier Nutrition
Shopping & Retail,"Health, Diet & Nutrition",Nutritional Supplements & Weight Control,Six Star
Shopping & Retail,"Health, Diet & Nutrition",Nutritional Supplements & Weight Control,Slim-Fast
Shopping & Retail,"Health, Diet & Nutrition",Nutritional Supplements & Weight Control,Slim-Fast Optima
Shopping & Retail,"Health, Diet & Nutrition",Nutritional Supplements & Weight Control,Solgar
Shopping & Retail,"Health, Diet & Nutrition",Nutritional Supplements & Weight Control,Spectrum Essentials
Shopping & Retail,"Health, Diet & Nutrition",Nutritional Supplements & Weight Control,Private Label
Shopping & Retail,"Health, Diet & Nutrition",Nutritional Supplements & Weight Control,Sundown
Shopping & Retail,"Health, Diet & Nutrition",Nutritional Supplements & Weight Control,Sunflower
Shopping & Retail,"Health, Diet & Nutrition",Nutritional Supplements & Weight Control,Vitafusion
Shopping & Retail,"Health, Diet & Nutrition",Nutritional Supplements & Weight Control,Worldwide
Shopping & Retail,"Health, Diet & Nutrition",First Aid,
Shopping & Retail,"Health, Diet & Nutrition",First Aid,First Aid Accessories
Shopping & Retail,"Health, Diet & Nutrition",Medicine & Pain Relief,
Shopping & Retail,"Health, Diet & Nutrition",Medicine & Pain Relief,Cold/Allergy/Sinus Tablets
Shopping & Retail,"Health, Diet & Nutrition",Medicine & Pain Relief,Internal Analgesics
Shopping & Retail,"Health, Diet & Nutrition",Medicine & Pain Relief,External Analgesics
Shopping & Retail,"Health, Diet & Nutrition",Medicine & Pain Relief,Cough & Sore Throat Drops & Syrups
Shopping & Retail,"Health, Diet & Nutrition",Medicine & Pain Relief,Gastrointestinal Tablets
Shopping & Retail,"Health, Diet & Nutrition",Medicine & Pain Relief,Gastrointestinal Liquid
Shopping & Retail,"Health, Diet & Nutrition",Medicine & Pain Relief,Nasal Products
Shopping & Retail,"Health, Diet & Nutrition",Oral Care,
Shopping & Retail,"Health, Diet & Nutrition",Oral Care,Toothpaste
Shopping & Retail,"Health, Diet & Nutrition",Oral Care,Toothbrushes & Dental Accessories
Shopping & Retail,"Health, Diet & Nutrition",Oral Care,Mouthwash/Dental Rinse
Shopping & Retail,"Health, Diet & Nutrition",Oral Care,Denture
Shopping & Retail,"Health, Diet & Nutrition",Oral Care,Breath Fresheners
Shopping & Retail,"Health, Diet & Nutrition",Personal Care,
Shopping & Retail,"Health, Diet & Nutrition",Personal Care,Cotton Balls/Swabs
Shopping & Retail,"Health, Diet & Nutrition",Personal Care,Feminine Needs
Shopping & Retail,"Health, Diet & Nutrition",Personal Care,Moist Towelettes
Shopping & Retail,"Health, Diet & Nutrition",Sunscreen & Tanning,
Shopping & Retail,"Health, Diet & Nutrition",Sunscreen & Tanning,Suntan Lotion & Oil
Shopping & Retail,"Health, Diet & Nutrition",Vision Care,
Shopping & Retail,"Health, Diet & Nutrition",Vision Care,Eye/Contact Lens Care Product
Shopping & Retail,"Health, Diet & Nutrition",Vitamins & Oils,
Shopping & Retail,"Health, Diet & Nutrition",Vitamins & Oils,1 & 2 Letter Vitamins
Shopping & Retail,"Health, Diet & Nutrition",Vitamins & Oils,Mineral Supplements
Shopping & Retail,"Health, Diet & Nutrition",Vitamins & Oils,Multi-Vitamins
Shopping & Retail,"Health, Diet & Nutrition",Vitamins & Oils,Children's Vitamins
Shopping & Retail,Beauty & Care,,
Shopping & Retail,Beauty & Care,Bath & Body,Hand & Body Lotions
Shopping & Retail,Beauty & Care,Bath & Body,Soap
Shopping & Retail,Beauty & Care,Bath & Body,Bath Accessories
Shopping & Retail,Beauty & Care,Bath & Body,Deodorants & Antiperspirants
Shopping & Retail,Beauty & Care,Facial Care,
Shopping & Retail,Beauty & Care,Facial Care,Facial Cleaner
Shopping & Retail,Beauty & Care,Facial Care,Facial Moisturizer
Shopping & Retail,Beauty & Care,Facial Care,Facial Treatments
Shopping & Retail,Beauty & Care,Facial Care,Facial Cosmetics
Shopping & Retail,Beauty & Care,Facial Care,Facial Tissue
Shopping & Retail,Beauty & Care,Facial Care,Lip Treatment
Shopping & Retail,Beauty & Care,Facial Care,Depilatories
Shopping & Retail,Beauty & Care,Foot Care Products,
Shopping & Retail,Beauty & Care,Foot Care Products,Athletes Foot Medication
Shopping & Retail,Beauty & Care,Foot Care Products,Foot Care Devices
Shopping & Retail,Beauty & Care,Fragrance,
Shopping & Retail,Beauty & Care,Fragrance,Shaving Lotion/Mens Fragrance
Shopping & Retail,Beauty & Care,Fragrance,Women's Fragrances
Shopping & Retail,Beauty & Care,Hair Care,
Shopping & Retail,Beauty & Care,Hair Care,Shampoo
Shopping & Retail,Beauty & Care,Hair Care,Conditioner & Creme Rinse
Shopping & Retail,Beauty & Care,Hair Care,Styling Products
Shopping & Retail,Beauty & Care,Hair Care,Hair Color
Shopping & Retail,Beauty & Care,Hair Care,Hair Accessories
Shopping & Retail,Beauty & Care,Hair Removal,
Shopping & Retail,Beauty & Care,Hair Removal,Shaving Cream
Shopping & Retail,Beauty & Care,Hair Removal,Razors & Blades
Shopping & Retail,Beauty & Care,Makeup & Cosmetics,
Shopping & Retail,Beauty & Care,Makeup & Cosmetics,Cosmetics Accessories
Shopping & Retail,Beauty & Care,Makeup & Cosmetics,Almay
Shopping & Retail,Beauty & Care,Makeup & Cosmetics,Essie
Shopping & Retail,Beauty & Care,Makeup & Cosmetics,Kiss
Shopping & Retail,Beauty & Care,Makeup & Cosmetics,L A Colors
Shopping & Retail,Beauty & Care,Makeup & Cosmetics,L'Oreal
Shopping & Retail,Beauty & Care,Makeup & Cosmetics,Maybelline
Shopping & Retail,Beauty & Care,Makeup & Cosmetics,Neutrogena
Shopping & Retail,Beauty & Care,Makeup & Cosmetics,Opi
Shopping & Retail,Beauty & Care,Makeup & Cosmetics,Physicians Formula
Shopping & Retail,Beauty & Care,Makeup & Cosmetics,Pretty Nails
Shopping & Retail,Beauty & Care,Makeup & Cosmetics,Rimmel
Shopping & Retail,Beauty & Care,Makeup & Cosmetics,Sinful Colors
Shopping & Retail,Beauty & Care,Makeup & Cosmetics,Private Label
Shopping & Retail,Beauty & Care,Makeup & Cosmetics,Wet N Wild
Shopping & Retail,Beauty & Care,Nails,
Shopping & Retail,Beauty & Care,Nails,Nail Polish
Shopping & Retail,Beauty & Care,Eye Cosmetics,
Shopping & Retail,Beauty & Care,Eye Cosmetics,Eye Shadow
Shopping & Retail,Beauty & Care,Eye Cosmetics,Mascara
Shopping & Retail,Pets,,
Shopping & Retail,Pets,Dogs,
Shopping & Retail,Pets,Dogs,Dog Biscuits/Treats/Beverages
Shopping & Retail,Pets,Dogs,Dry Dog Food
Shopping & Retail,Pets,Dogs,Frozen/Refrigerated Dog Food
Shopping & Retail,Pets,Dogs,Wet Dog Food
Shopping & Retail,Pets,Dogs,Rawhide Dog Chews
Shopping & Retail,Pets,Cats,
Shopping & Retail,Pets,Cats,Cat Litter
Shopping & Retail,Pets,Cats,Snacks/Beverages
Shopping & Retail,Pets,Cats,Dry Cat Food
Shopping & Retail,Pets,Cats,Wet Cat Food
Shopping & Retail,Pets,Pet Supplies,
Shopping & Retail,Pets,Pet Supplies,Dog/Cat Needs
Shopping & Retail,Pets,Pet Supplies,Non Dog/Cat Pet Food
Shopping & Retail,Home Essentials,Household Cleaner,
Shopping & Retail,Home Essentials,Household Cleaner,All Purpose Cleaner/Disinfectant
Shopping & Retail,Home Essentials,Household Cleaner,Oven/Appliance Cleaner/Degreaser
Shopping & Retail,Home Essentials,Household Cleaner Cloths,Cloth Metal Cleaner
Shopping & Retail,Home Essentials,Household Cleaner,Drain Cleaner
Shopping & Retail,Home Essentials,Household Cleaner,Glass Cleaner/Ammonia
Shopping & Retail,Home Essentials,Household Cleaner,Specialty Cleaner/Polish
Shopping & Retail,Home Essentials,Household Cleaner,Cloth All Purpose Cleaner
Shopping & Retail,Home Essentials,Household Cleaner,Lime/Rust Remover
Shopping & Retail,Home Essentials,Household Cleaner,Abrasive Tub/Tile Cleaner
Shopping & Retail,Home Essentials,Household Cleaner,Nonabrasive Tub/Tile Cleaner
Shopping & Retail,Home Essentials,Household Cleaner,Toilet Bowl Cleaner/Deodorizer
Shopping & Retail,Home Essentials,Cleaning Tools,
Shopping & Retail,Home Essentials,Cleaning Tools,Cleaning Tools/Mops/Brooms
Shopping & Retail,Home Essentials,Dish Detergent & Soaps,
Shopping & Retail,Home Essentials,Dish Detergent & Soaps,Dishwasher Detergent/Additive
Shopping & Retail,Home Essentials,Dish Detergent & Soaps,Manual Dish Detergent
Shopping & Retail,Home Essentials,"Carpet, Upholstery & Floor Cleaner",
Shopping & Retail,Home Essentials,"Carpet, Upholstery & Floor Cleaner",Arm & Hammer
Shopping & Retail,Home Essentials,"Carpet, Upholstery & Floor Cleaner",Bissell
Shopping & Retail,Home Essentials,"Carpet, Upholstery & Floor Cleaner",Febreze
Shopping & Retail,Home Essentials,"Carpet, Upholstery & Floor Cleaner",Carpet Fresh
Shopping & Retail,Home Essentials,"Carpet, Upholstery & Floor Cleaner",Clorox
Shopping & Retail,Home Essentials,"Carpet, Upholstery & Floor Cleaner",Love My Carpet
Shopping & Retail,Home Essentials,"Carpet, Upholstery & Floor Cleaner",Private Label
Shopping & Retail,Home Essentials,"Carpet, Upholstery & Floor Cleaner",Resolve
Shopping & Retail,Home Essentials,"Carpet, Upholstery & Floor Cleaner",Spot Shot
Shopping & Retail,Home Essentials,"Carpet, Upholstery & Floor Cleaner",Woolite
Shopping & Retail,Home Essentials,"Carpet, Upholstery & Floor Cleaner",Lysol
Shopping & Retail,Home Essentials,"Carpet, Upholstery & Floor Cleaner",Mr. Clean
Shopping & Retail,Home Essentials,"Carpet, Upholstery & Floor Cleaner",Murphy's Oil
Shopping & Retail,Home Essentials,"Carpet, Upholstery & Floor Cleaner",Orange Cleaning
Shopping & Retail,Home Essentials,"Carpet, Upholstery & Floor Cleaner",Pledge
Shopping & Retail,Home Essentials,"Carpet, Upholstery & Floor Cleaner",Rug Doctor
Shopping & Retail,Home Essentials,"Carpet, Upholstery & Floor Cleaner",Scotchgard
Shopping & Retail,Home Essentials,"Carpet, Upholstery & Floor Cleaner",Swiffer
Shopping & Retail,Home Essentials,"Carpet, Upholstery & Floor Cleaner",Carbona
Shopping & Retail,Home Essentials,"Carpet, Upholstery & Floor Cleaner",Formula 409
Shopping & Retail,Home Essentials,"Carpet, Upholstery & Floor Cleaner",Glade
Shopping & Retail,Home Essentials,"Carpet, Upholstery & Floor Cleaner",Renuzit
Shopping & Retail,Home Essentials,Furniture & Wood Cleaner,
Shopping & Retail,Home Essentials,Furniture & Wood Cleaner,Bona
Shopping & Retail,Home Essentials,Furniture & Wood Cleaner,Endust
Shopping & Retail,Home Essentials,Furniture & Wood Cleaner,Holloway House
Shopping & Retail,Home Essentials,Furniture & Wood Cleaner,Mop & Glo
Shopping & Retail,Home Essentials,Furniture & Wood Cleaner,Murphy's Oil Soap
Shopping & Retail,Home Essentials,Furniture & Wood Cleaner,Old English
Shopping & Retail,Home Essentials,Furniture & Wood Cleaner,Orange Glo
Shopping & Retail,Home Essentials,Furniture & Wood Cleaner,Pledge
Shopping & Retail,Home Essentials,Furniture & Wood Cleaner,Scott's Liquid Gold
Shopping & Retail,Home Essentials,Furniture & Wood Cleaner,Swiffer Dust & Shine
Shopping & Retail,Home Essentials,Laundry,
Shopping & Retail,Home Essentials,Laundry,Fabric Softener
Shopping & Retail,Home Essentials,Laundry,Laundry Prewash/Additive
Shopping & Retail,Home Essentials,Laundry,Laundry Starch
Shopping & Retail,Home Essentials,Laundry,Laundry Detergent
Shopping & Retail,Home Essentials,Light Bulbs,
Shopping & Retail,Home Essentials,Light Bulbs,G.E.
Shopping & Retail,Home Essentials,Light Bulbs,Private Label
Shopping & Retail,Home Essentials,Light Bulbs,Sylvania
Shopping & Retail,Home Essentials,Light Bulbs,Philips
Shopping & Retail,Home Essentials,Light Bulbs,Westinghouse
Shopping & Retail,Home Essentials,Paper Goods,
Shopping & Retail,Home Essentials,Paper Goods,Paper Napkins
Shopping & Retail,Home Essentials,Paper Goods,Paper Towels
Shopping & Retail,Home Essentials,Pest Control,
Shopping & Retail,Home Essentials,Pest Control,Indoor Insect/Rodent Control Chemicals
Shopping & Retail,Home Essentials,Pest Control,Outdoor Insect/Rodent Control Chemicals
Shopping & Retail,Home Essentials,Home Batteries,
Shopping & Retail,Home Essentials,Home Batteries,Alkaline Batteries
Shopping & Retail,Home Essentials,Home Batteries,All Other Batteries
Shopping & Retail,Home Essentials,Air Fresheners,
Shopping & Retail,Home Essentials,Air Fresheners,Air Wick
Shopping & Retail,Home Essentials,Air Fresheners,Citrus Magic
Shopping & Retail,Home Essentials,Air Fresheners,Febreze Air Effects
Shopping & Retail,Home Essentials,Air Fresheners,Glade
Shopping & Retail,Home Essentials,Air Fresheners,Private Label
Shopping & Retail,Home Essentials,Air Fresheners,Renuzit
Shopping & Retail,Home Essentials,Air Fresheners,Potpourri
Shopping & Retail,Home Essentials,Air Fresheners,Arm & Hammer
Shopping & Retail,Home Essentials,Air Fresheners,Bissell
Shopping & Retail,Home Essentials,Air Fresheners,Easy Off
Shopping & Retail,Home Essentials,Air Fresheners,Lysol
Shopping & Retail,Home Essentials,Air Fresheners,Lysol Neutra Air
Shopping & Retail,Home Essentials,Air Fresheners,Neutra Air
Shopping & Retail,Home Essentials,Air Fresheners,Refresh
Shopping & Retail,Home Essentials,Candles,
Shopping & Retail,Home Essentials,Candles,Cake Mate
Shopping & Retail,Home Essentials,Candles,Glade
Shopping & Retail,Home Essentials,Candles,Air Wick
Shopping & Retail,Home Essentials,Candles,American Greetings
Shopping & Retail,Home Essentials,Candles,Betty Crocker
Shopping & Retail,Home Essentials,Candles,Bic
Shopping & Retail,Home Essentials,Candles,Decopac
Shopping & Retail,Home Essentials,Candles,Febreze
Shopping & Retail,Home Essentials,Candles,Simple Simon
Shopping & Retail,Home Essentials,Candles,TuscCandle
Shopping & Retail,Home Essentials,Candles,Village Candle
Shopping & Retail,Home Essentials,Candles,Wilton
Shopping & Retail,Home Essentials,Candles,Yankee Candle
Shopping & Retail,Home Essentials,Bleach,
Shopping & Retail,Home Essentials,Bleach,SCH Bleach
Shopping & Retail,Home Essentials,Bleach,Color-Safe Bleach
Shopping & Retail,Home Essentials,Cups & Plates,
Shopping & Retail,Home Essentials,Cups & Plates,Disposable Cups
Shopping & Retail,Home Essentials,Cups & Plates,Disposable Plates/Bowls
Shopping & Retail,Home Essentials,Cups & Plates,American Greetings
Shopping & Retail,Home Essentials,Cups & Plates,Amscan
Shopping & Retail,Home Essentials,Cups & Plates,Cake Mate
Shopping & Retail,Home Essentials,Cups & Plates,Caspari
Shopping & Retail,Home Essentials,Cups & Plates,Dart
Shopping & Retail,Home Essentials,Cups & Plates,Deluxe
Shopping & Retail,Home Essentials,Cups & Plates,Diamond
Shopping & Retail,Home Essentials,Cups & Plates,General Electric
Shopping & Retail,Home Essentials,Cups & Plates,Glad
Shopping & Retail,Home Essentials,Cups & Plates,Green Forest
Shopping & Retail,Home Essentials,Cups & Plates,Guestware
Shopping & Retail,Home Essentials,Cups & Plates,Handi Foil
Shopping & Retail,Home Essentials,Cups & Plates,Hefty Ez Foil
Shopping & Retail,Home Essentials,Cups & Plates,Party Creations
Shopping & Retail,Home Essentials,Cups & Plates,Party Essentials
Shopping & Retail,Home Essentials,Cups & Plates,Philips
Shopping & Retail,Home Essentials,Cups & Plates,Reynolds
Shopping & Retail,Home Essentials,Cups & Plates,Sabert
Shopping & Retail,Home Essentials,Cups & Plates,Sensations
Shopping & Retail,Home Essentials,Cups & Plates,Sylvania
Shopping & Retail,Home Essentials,Cups & Plates,Wilton
Shopping & Retail,Home Essentials,Sponges & Scouring Pads,
Shopping & Retail,Home Essentials,Sponges & Scouring Pads,Scouring Pad
Shopping & Retail,Home Essentials,Sponges & Scouring Pads,Sponge/Scouring Sponge
Shopping & Retail,Home Essentials,Foils & Wraps,
Shopping & Retail,Home Essentials,Foils & Wraps,Aluminum Foil
Shopping & Retail,Home Essentials,Foils & Wraps,Plastic Wrap
Shopping & Retail,Home Essentials,Foils & Wraps,Waxed Paper
Shopping & Retail,Home Essentials,Food & Trash Bags,
Shopping & Retail,Home Essentials,Food & Trash Bags,Garbage/Trash/Lawn&Leaf Bags
Shopping & Retail,Home Essentials,Food & Trash Bags,Sandwich/Freezer/Food Storage Bags
Shopping & Retail,Home Essentials,Toilet Tissue,
Shopping & Retail,Home Essentials,Toilet Tissue,Angel Soft
Shopping & Retail,Home Essentials,Toilet Tissue,Charmin Basic
Shopping & Retail,Home Essentials,Toilet Tissue,Kleenex Cottonelle Clean Care
Shopping & Retail,Home Essentials,Toilet Tissue,Marcal Small Steps
Shopping & Retail,Home Essentials,Toilet Tissue,Private Label
Shopping & Retail,Home Essentials,Toilet Tissue,Quilted Northern Ultra Plush
Shopping & Retail,Home Essentials,Toilet Tissue,Scott Naturals Tube Free
Shopping & Retail,Home Essentials,Toilet Tissue,Cottonelle
Shopping & Retail,Home Essentials,Toilet Tissue,Living Green
Shopping & Retail,Home Essentials,Toilet Tissue,Paseo
Shopping & Retail,Home Essentials,Toilet Tissue,Soft'N Gentle
Shopping & Retail,Home Essentials,Gift Wrapping,
Shopping & Retail,Home Essentials,Gift Wrapping,Ag/Gibson
Shopping & Retail,Home Essentials,Gift Wrapping,American Greetings
Shopping & Retail,Home Essentials,Gift Wrapping,Easter Unlimited Inc
Shopping & Retail,Home Essentials,Gift Wrapping,Everstar
Shopping & Retail,Home Essentials,Gift Wrapping,Private Label
Shopping & Retail,Cigarettes & Tobacco,Cigarettes,Cigarettes/Single Pack
Shopping & Retail,Floral,,
Shopping & Retail,Floral,B & H Flowers,
Shopping & Retail,Floral,Blooming,
Shopping & Retail,Floral,Burpee,
Shopping & Retail,Floral,Fresh,
Shopping & Retail,Floral,Fresh Tulips Usa,
Shopping & Retail,Floral,Green Circle Growers,
Shopping & Retail,Floral,Home Accent,
Shopping & Retail,Floral,Miracle Gro,
Shopping & Retail,Floral,Nurserymens Exchange,
Shopping & Retail,Floral,Orchid,
Shopping & Retail,Floral,Rockwell Farms,
Shopping & Retail,Floral,Private Label,
Shopping & Retail,Floral,Upload,
Shopping & Retail,Floral,Van Hoekelen Greenhouses,
Shopping & Retail,Home & Garden,Home Improvement,
Shopping & Retail,Home & Garden,Home Improvement,Projects
Shopping & Retail,Home & Garden,Home Improvement,Tools
Shopping & Retail,Home & Garden,Home Improvement,Hardware & Materials
Shopping & Retail,Home & Garden,Garden,
Shopping & Retail,Home & Garden,Garden,Outdoor Decor
Shopping & Retail,Home & Garden,Garden,Gardening & Lawn Tools
Shopping & Retail,Home & Garden,Garden,Gardening & Lawn Supplies
Shopping & Retail,Home & Garden,Garden,Outdoor Grilling
Shopping & Retail,Home & Garden,Furniture,
Shopping & Retail,Home & Garden,Furniture,Living Room Furniture
Shopping & Retail,Home & Garden,Furniture,Mattress/Box Spring
Shopping & Retail,Home & Garden,Furniture,Recliner Chair
Shopping & Retail,Home & Garden,Furniture,Sofabed/Convertible
Shopping & Retail,Home & Garden,Furniture,Wall Units/Systems
Shopping & Retail,Home & Garden,Kitchen,
Shopping & Retail,Home & Garden,Kitchen,Water Coolers & Filtration
Shopping & Retail,Home & Garden,Kitchen,Household/Kitchen Storage
Shopping & Retail,Home & Garden,Kitchen,Bottles
Shopping & Retail,Home & Garden,"Bedding, Bath & Furnishings",
Shopping & Retail,Home & Garden,"Bedding, Bath & Furnishings",Bedding/Bath/Linens
Shopping & Retail,Home & Garden,"Bedding, Bath & Furnishings",Furnishings
Shopping & Retail,"Clothing, Shoes, Fashion & Accessories",Clothing,
Shopping & Retail,"Clothing, Shoes, Fashion & Accessories",Clothing,Women's Apparel
Shopping & Retail,"Clothing, Shoes, Fashion & Accessories",Clothing,Men's Apparel
Shopping & Retail,"Clothing, Shoes, Fashion & Accessories",Clothing,Junior's Apparel
Shopping & Retail,"Clothing, Shoes, Fashion & Accessories",Clothing,Baby & Kid's Apparel
Shopping & Retail,"Clothing, Shoes, Fashion & Accessories",Clothing,Jewelry & Watches
Shopping & Retail,"Clothing, Shoes, Fashion & Accessories",Clothing,Jeans
Shopping & Retail,"Clothing, Shoes, Fashion & Accessories",Clothing,Licensed Sports Clothing
Shopping & Retail,"Clothing, Shoes, Fashion & Accessories",Clothing,Athletic Shoes and Sneakers
Shopping & Retail,Automotive Parts & Accessories,Oil & Filters,
Shopping & Retail,Automotive Parts & Accessories,Oil & Filters,Motor Oil
Shopping & Retail,Automotive Parts & Accessories,Tires,
Shopping & Retail,Automotive Parts & Accessories,Tires,Passenger Car
Shopping & Retail,Automotive Parts & Accessories,Tires,Pickup/SUV/Van
Shopping & Retail,Automotive Parts & Accessories,Tires,BF Goodrich Tires
Shopping & Retail,Automotive Parts & Accessories,Tires,Bridgestone Tires
Shopping & Retail,Automotive Parts & Accessories,Tires,Goodyear Tires
Shopping & Retail,Automotive Parts & Accessories,Tires,Michelin Tires
Shopping & Retail,Automotive Parts & Accessories,Tires,Cooper Tires
Shopping & Retail,Automotive Parts & Accessories,Tires,Firestone Tires
Shopping & Retail,Automotive Parts & Accessories,Tires,Yokohama Tires
Shopping & Retail,Electronics & Appliances,Appliances,
Shopping & Retail,Electronics & Appliances,Appliances,Energy Efficient
Shopping & Retail,Electronics & Appliances,Appliances,Household
Shopping & Retail,Electronics & Appliances,Appliances,Kitchen
Shopping & Retail,Electronics & Appliances,Electronics,TV & Home Theatre
Shopping & Retail,Electronics & Appliances,Electronics,Camcorder & Video Cameras
Shopping & Retail,Electronics & Appliances,Electronics,Camera
Shopping & Retail,Electronics & Appliances,Electronics,Camera Type
Shopping & Retail,Electronics & Appliances,Electronics,"Video Games, Movies & Music"
Shopping & Retail,Sports & Outdoors,Bicycles,
Shopping & Retail,Sports & Outdoors,Bicycles,Stationary Bike
Shopping & Retail,Sports & Outdoors,Golf,
Shopping & Retail,Sports & Outdoors,Golf,Golf Balls
Shopping & Retail,Sports & Outdoors,Golf,Golf Clubs
Shopping & Retail,Sports & Outdoors,Golf,Golf Gloves
Shopping & Retail,Sports & Outdoors,Fishing,
Shopping & Retail,Sports & Outdoors,Fishing,Fishing Reel
Shopping & Retail,Sports & Outdoors,Fishing,Fresh Water Fish
Shopping & Retail,Sports & Outdoors,Fishing,Fishing Rod
Shopping & Retail,Sports & Outdoors,Fishing,Salt Water Fishing
Shopping & Retail,Sports & Outdoors,Backpacking/Hiking,
Shopping & Retail,Sports & Outdoors,Backpacking/Hiking,Backpacking Equipment
Shopping & Retail,Sports & Outdoors,Hunting,
Shopping & Retail,Sports & Outdoors,Hunting,Hunting Clothes
Shopping & Retail,Sports & Outdoors,Hunting,Rifle for Hunting
Shopping & Retail,Sports & Outdoors,Hunting,Shotgun for Hunting
Shopping & Retail,Sports & Outdoors,Hunting,Target Shooting
Shopping & Retail,Sports & Outdoors,Jogging & Running,
Shopping & Retail,Sports & Outdoors,Skiing,
Shopping & Retail,Sports & Outdoors,Skiing,Ski Boots
Shopping & Retail,Sports & Outdoors,Skiing,Ski Poles
Shopping & Retail,Sports & Outdoors,Skiing,Snowboarding
Shopping & Retail,Sports & Outdoors,Skiing,Snowmobiling
Shopping & Retail,Sports & Outdoors,Health & Fitness,
Shopping & Retail,Sports & Outdoors,Health & Fitness,Aerobics
Shopping & Retail,Sports & Outdoors,Health & Fitness,Cardio Machine
Shopping & Retail,Sports & Outdoors,Health & Fitness,Home Gym Equipment
Shopping & Retail,Sports & Outdoors,Health & Fitness,Yoga
Shopping & Retail,Sports & Outdoors,Camping & Outdoors,
Shopping & Retail,Sports & Outdoors,Camping & Outdoors,Camping Lanterns
Shopping & Retail,Sports & Outdoors,Camping & Outdoors,Camping Tents
Shopping & Retail,Sports & Outdoors,Camping & Outdoors,Camping Trips
Shopping & Retail,Sports & Outdoors,Football,
Shopping & Retail,Sports & Outdoors,Baseball & Softball,
Shopping & Retail,Sports & Outdoors,Baseball & Softball,Baseball/Softball Equipment
Shopping & Retail,Sports & Outdoors,Hockey,
Shopping & Retail,Sports & Outdoors,Soccer,
Shopping & Retail,Sports & Outdoors,Tennis,
Shopping & Retail,Sports & Outdoors,Tennis,Tennis Balls
Shopping & Retail,Sports & Outdoors,Tennis,Tennis Racquet
Shopping & Retail,Hobbies & Toys,Games,
Shopping & Retail,Hobbies & Toys,Games,Board Games
Shopping & Retail,Hobbies & Toys,Games,Action Figure/Robot/Accessories
Shopping & Retail,Hobbies & Toys,Games,Children's Books
Shopping & Retail,Hobbies & Toys,Games,Construction Toys
Shopping & Retail,Hobbies & Toys,Games,Educational Toys/Games
Shopping & Retail,Hobbies & Toys,Games,Electronic Educational Toys
Shopping & Retail,Hobbies & Toys,Games,Fashion Dolls
Shopping & Retail,Hobbies & Toys,Games,Infant Toys
Shopping & Retail,Hobbies & Toys,Games,Large/Baby Dolls
Shopping & Retail,Hobbies & Toys,Games,Play Sports Equipment
Shopping & Retail,Hobbies & Toys,Games,Plush Dolls/Animals
Shopping & Retail,Hobbies & Toys,Games,Video Games
Shopping & Retail,Hobbies & Toys,Games,Word Games
Shopping & Retail,Gifts,,
Shopping & Retail,Gifts,Gift Cards,
Shopping & Retail,Gifts,Gift Cards,American Express Gift cards
Shopping & Retail,Gifts,Gift Cards,Mastercard Giftcards
Shopping & Retail,Gifts,Gift Cards,Visa Giftcards
Shopping & Retail,Gifts,Gift Cards,Bookstores Giftcards
Shopping & Retail,Gifts,Gift Cards,Department/Clothing Mall Stores Giftcards
Shopping & Retail,Gifts,Gift Cards,Discount Stores Giftcards
Shopping & Retail,Gifts,Gift Cards,Electonics Stores Giftcards
Shopping & Retail,Gifts,Gift Cards,Home/Home Improvement Stores Giftcards
Shopping & Retail,Gifts,Gift Cards,Music/Entertainment Giftcards
Shopping & Retail,Gifts,Gift Cards,Restaurants/Coffee Shops Giftcards
Shopping & Retail,Gifts,Gift Cards,Dept/Mall Stores Giftcards
Shopping & Retail,Gifts,Gift Cards,Restaurant/Coffee Shop Giftcards
Shopping & Retail,Gifts,Gift Cards,Greeting Cards